{
  "version": 1,
  "author": "AlexR",
  "editor": "wokwi",
  "parts": [
    {
      "type": "wokwi-arduino-mega",
      "id": "mega",
      "top": 75.2,
      "left": -79.4,
      "rotate": 90,
      "attrs": {}
    },
    {
      "type": "wokwi-led",
      "id": "led1",
      "top": -70.8,
      "left": 243.8,
      "attrs": { "color": "red" }
    },
    {
      "type": "wokwi-pushbutton-6mm",
      "id": "btn1",
      "top": 151.4,
      "left": 355.2,
      "attrs": { "color": "green" }
    },
    {
      "type": "wokwi-resistor",
      "id": "r1",
      "top": 24,
      "left": 239.45,
      "rotate": 90,
      "attrs": { "value": "220" }
    }
  ],
  "connections": [
    [ "btn1:2.l", "mega:2", "red", [ "h-48", "v38.8" ] ],
    [ "btn1:1.l", "mega:GND.1", "black", [ "h-48", "v-57.6" ] ],
    [ "mega:13", "r1:2", "red", [ "h0" ] ],
    [ "r1:1", "led1:A", "red", [ "h0" ] ],
    [ "led1:C", "mega:GND.1", "black", [ "v0" ] ]
  ],
  "dependencies": {}
}